Has Online delivery,Aggregate rating
No,2.4635171343957127
Yes,3.2488372093023252
