Online Delivery,Restaurant Count,Percentage
No,7091,74.31356109830224
Yes,2451,25.686438901697755
